Dimension,Weight
crypto_assets,0.0891768598560305
crypto_agility,0.40531833462647365
migration_planning,0.173829354977392
risk_management,0.12215966223621928
standards_compliance,0.20951578830388443
