{
  "overall_mae": 1.7399999999999998,
  "success_rate": 1.0,
  "config": {
    "model": "Qwen/Qwen2.5-7B-Instruct",
    "aggregation": "max",
    "chunking": true,
    "chunk_size": 1200,
    "max_chunks": 3,
    "temperature": 0.0,
    "quantization": "4bit"
  },
  "dimensions": {
    "crypto_assets": {
      "mae": 1.3666666666666667,
      "mae_ci_low": 1.5325000000000009,
      "mae_ci_high": 2.5674999999999994,
      "rmse": 1.834847859269718,
      "exact": 0.3,
      "within_1": 0.5666666666666667,
      "rho": 0.6531136311207579,
      "p_value": 9.132718710852407e-05,
      "kappa": 0.1699604743083004,
      "llm_mean": 1.4333333333333333,
      "expert_mean": 2.6666666666666665,
      "llm_std": 1.6058919293927874,
      "expert_std": 1.5129074290546956
    },
    "crypto_agility": {
      "mae": 2.1333333333333333,
      "mae_ci_low": 1.8,
      "mae_ci_high": 2.767499999999999,
      "rmse": 2.581988897471611,
      "exact": 0.1,
      "within_1": 0.43333333333333335,
      "rho": 0.12929031774581598,
      "p_value": 0.4959168063745093,
      "kappa": 0.004914004914004844,
      "llm_mean": 0.9666666666666667,
      "expert_mean": 2.7666666666666666,
      "llm_std": 1.5162087220725542,
      "expert_std": 1.3337499349161706
    },
    "migration_planning": {
      "mae": 1.7666666666666666,
      "mae_ci_low": 1.6,
      "mae_ci_high": 2.6666666666666665,
      "rmse": 2.041241452319315,
      "exact": 0.06666666666666667,
      "within_1": 0.4666666666666667,
      "rho": 0.4493325610367996,
      "p_value": 0.0127392136318287,
      "kappa": -0.0687022900763361,
      "llm_mean": 1.8666666666666667,
      "expert_mean": 3.033333333333333,
      "llm_std": 1.9102065042525873,
      "expert_std": 1.3034143197344765
    },
    "risk_management": {
      "mae": 1.2666666666666666,
      "mae_ci_low": 1.2,
      "mae_ci_high": 2.1333333333333333,
      "rmse": 1.6733200530681511,
      "exact": 0.26666666666666666,
      "within_1": 0.6333333333333333,
      "rho": 0.4888862559505886,
      "p_value": 0.006116862331376057,
      "kappa": 0.09340659340659341,
      "llm_mean": 1.9666666666666666,
      "expert_mean": 3.033333333333333,
      "llm_std": 1.4255603186895396,
      "expert_std": 1.1100550536897809
    },
    "standards_compliance": {
      "mae": 2.1666666666666665,
      "mae_ci_low": 1.9666666666666666,
      "mae_ci_high": 3.033333333333333,
      "rmse": 2.5495097567963922,
      "exact": 0.1,
      "within_1": 0.4,
      "rho": 0.5325309634902987,
      "p_value": 0.0024501755306525494,
      "kappa": 0.007352941176470562,
      "llm_mean": 1.4333333333333333,
      "expert_mean": 3.533333333333333,
      "llm_std": 1.6468825769380833,
      "expert_std": 1.2310790208412925
    }
  }
}