{
  "overall_mae": 1.146666666666667,
  "success_rate": 1.0,
  "config": {
    "model": "Qwen/Qwen2.5-32B-Instruct",
    "aggregation": "top2_mean",
    "chunking": true,
    "chunk_size": 1200,
    "max_chunks": 3,
    "temperature": 0.0,
    "quantization": "4bit"
  },
  "dimensions": {
    "crypto_assets": {
      "mae": 1.2,
      "mae_ci_low": 1.5,
      "mae_ci_high": 2.466666666666667,
      "rmse": 1.505545305418162,
      "exact": 0.23333333333333334,
      "within_1": 0.6666666666666666,
      "rho": 0.7980865584376153,
      "p_value": 1.2711010882493825e-07,
      "kappa": 0.10737386804657179,
      "llm_mean": 1.6,
      "expert_mean": 2.6666666666666665,
      "llm_std": 1.518771433319269,
      "expert_std": 1.5129074290546956
    },
    "crypto_agility": {
      "mae": 1.2333333333333334,
      "mae_ci_low": 1.1325000000000007,
      "mae_ci_high": 1.9333333333333333,
      "rmse": 1.6431676725154984,
      "exact": 0.26666666666666666,
      "within_1": 0.7,
      "rho": 0.27137218133114044,
      "p_value": 0.14689364839937344,
      "kappa": 0.09090909090909105,
      "llm_mean": 2.0,
      "expert_mean": 2.7666666666666666,
      "llm_std": 1.1547005383792515,
      "expert_std": 1.3337499349161706
    },
    "migration_planning": {
      "mae": 1.0333333333333334,
      "mae_ci_low": 1.0666666666666667,
      "mae_ci_high": 1.9,
      "rmse": 1.3038404810405297,
      "exact": 0.23333333333333334,
      "within_1": 0.8,
      "rho": 0.5149515954453152,
      "p_value": 0.003593223361747016,
      "kappa": 0.03496503496503511,
      "llm_mean": 2.533333333333333,
      "expert_mean": 3.033333333333333,
      "llm_std": 1.2578641509408808,
      "expert_std": 1.3034143197344765
    },
    "risk_management": {
      "mae": 0.9,
      "mae_ci_low": 0.8333333333333334,
      "mae_ci_high": 1.5333333333333334,
      "rmse": 1.1690451944500122,
      "exact": 0.3333333333333333,
      "within_1": 0.7666666666666667,
      "rho": 0.4968706549135906,
      "p_value": 0.005219589395466677,
      "kappa": 0.08675799086757985,
      "llm_mean": 2.4,
      "expert_mean": 3.033333333333333,
      "llm_std": 0.8793937305515279,
      "expert_std": 1.1100550536897809
    },
    "standards_compliance": {
      "mae": 1.3666666666666667,
      "mae_ci_low": 1.3325000000000007,
      "mae_ci_high": 2.2666666666666666,
      "rmse": 1.70293863659264,
      "exact": 0.23333333333333334,
      "within_1": 0.5666666666666667,
      "rho": 0.5346386061310907,
      "p_value": 0.0023370108914147394,
      "kappa": 0.10505836575875482,
      "llm_mean": 2.3,
      "expert_mean": 3.533333333333333,
      "llm_std": 1.3203534880225574,
      "expert_std": 1.2310790208412925
    }
  }
}