{
  "overall_mae": 1.24,
  "success_rate": 1.0,
  "config": {
    "model": "Qwen/Qwen2.5-32B-Instruct",
    "aggregation": "max",
    "chunking": true,
    "chunk_size": 2000,
    "max_chunks": 1,
    "temperature": 0.2,
    "quantization": "4bit"
  },
  "dimensions": {
    "crypto_assets": {
      "mae": 1.3,
      "mae_ci_low": 1.4666666666666666,
      "mae_ci_high": 2.433333333333333,
      "rmse": 1.798147194568157,
      "exact": 0.3,
      "within_1": 0.6666666666666666,
      "rho": 0.568829043088819,
      "p_value": 0.0010380391570500044,
      "kappa": 0.1633466135458168,
      "llm_mean": 1.5,
      "expert_mean": 2.6666666666666665,
      "llm_std": 1.4317821063276353,
      "expert_std": 1.5129074290546956
    },
    "crypto_agility": {
      "mae": 1.4,
      "mae_ci_low": 1.2,
      "mae_ci_high": 2.066666666666667,
      "rmse": 1.9148542155126762,
      "exact": 0.3,
      "within_1": 0.6,
      "rho": 0.13970180720625086,
      "p_value": 0.4615560518782884,
      "kappa": 0.14634146341463417,
      "llm_mean": 1.7666666666666666,
      "expert_mean": 2.7666666666666666,
      "llm_std": 1.174260996920569,
      "expert_std": 1.3337499349161706
    },
    "migration_planning": {
      "mae": 1.2333333333333334,
      "mae_ci_low": 1.0666666666666667,
      "mae_ci_high": 1.9,
      "rmse": 1.6020819787597222,
      "exact": 0.2,
      "within_1": 0.7333333333333333,
      "rho": 0.264318734732041,
      "p_value": 0.15810771802225942,
      "kappa": -0.014084507042253724,
      "llm_mean": 2.466666666666667,
      "expert_mean": 3.033333333333333,
      "llm_std": 1.2310790208412925,
      "expert_std": 1.3034143197344765
    },
    "risk_management": {
      "mae": 1.0,
      "mae_ci_low": 0.8666666666666667,
      "mae_ci_high": 1.6,
      "rmse": 1.390443574307614,
      "exact": 0.3333333333333333,
      "within_1": 0.7666666666666667,
      "rho": 0.2707099408696537,
      "p_value": 0.14792136314873341,
      "kappa": 0.10846953937592874,
      "llm_mean": 2.3666666666666667,
      "expert_mean": 3.033333333333333,
      "llm_std": 0.9480975102218594,
      "expert_std": 1.1100550536897809
    },
    "standards_compliance": {
      "mae": 1.2666666666666666,
      "mae_ci_low": 1.2333333333333334,
      "mae_ci_high": 2.2,
      "rmse": 1.6931233465600393,
      "exact": 0.23333333333333334,
      "within_1": 0.7,
      "rho": 0.5681652621392006,
      "p_value": 0.0010554070232783382,
      "kappa": 0.03899721448467952,
      "llm_mean": 2.3333333333333335,
      "expert_mean": 3.533333333333333,
      "llm_std": 1.3743685418725535,
      "expert_std": 1.2310790208412925
    }
  }
}