{
  "overall_mae": 1.2666666666666666,
  "success_rate": 1.0,
  "config": {
    "model": "Qwen/Qwen2.5-32B-Instruct",
    "aggregation": "max",
    "chunking": true,
    "chunk_size": 1000,
    "max_chunks": 2,
    "temperature": 0.2,
    "quantization": "4bit"
  },
  "dimensions": {
    "crypto_assets": {
      "mae": 1.4,
      "mae_ci_low": 1.5,
      "mae_ci_high": 2.5,
      "rmse": 1.8618986725025255,
      "exact": 0.23333333333333334,
      "within_1": 0.6666666666666666,
      "rho": 0.5922267064656471,
      "p_value": 0.0005651957301617812,
      "kappa": 0.09090909090909105,
      "llm_mean": 1.4,
      "expert_mean": 2.6666666666666665,
      "llm_std": 1.42828568570857,
      "expert_std": 1.5129074290546956
    },
    "crypto_agility": {
      "mae": 1.2666666666666666,
      "mae_ci_low": 1.2,
      "mae_ci_high": 2.066666666666667,
      "rmse": 1.7320508075688772,
      "exact": 0.3333333333333333,
      "within_1": 0.6,
      "rho": 0.3231059504124826,
      "p_value": 0.08158114970773446,
      "kappa": 0.18918918918918914,
      "llm_mean": 1.9,
      "expert_mean": 2.7666666666666666,
      "llm_std": 1.274100990241093,
      "expert_std": 1.3337499349161706
    },
    "migration_planning": {
      "mae": 1.2,
      "mae_ci_low": 1.0,
      "mae_ci_high": 1.7666666666666666,
      "rmse": 1.505545305418162,
      "exact": 0.16666666666666666,
      "within_1": 0.7666666666666667,
      "rho": 0.24526248354345645,
      "p_value": 0.1914385294691182,
      "kappa": -0.07449856733524363,
      "llm_mean": 2.433333333333333,
      "expert_mean": 3.033333333333333,
      "llm_std": 1.0225241100118647,
      "expert_std": 1.3034143197344765
    },
    "risk_management": {
      "mae": 1.0,
      "mae_ci_low": 0.7666666666666667,
      "mae_ci_high": 1.3666666666666667,
      "rmse": 1.3165611772087666,
      "exact": 0.3,
      "within_1": 0.7666666666666667,
      "rho": 0.008309906266839893,
      "p_value": 0.9652377040847911,
      "kappa": 0.03669724770642191,
      "llm_mean": 2.566666666666667,
      "expert_mean": 3.033333333333333,
      "llm_std": 0.6155395104206461,
      "expert_std": 1.1100550536897809
    },
    "standards_compliance": {
      "mae": 1.4666666666666666,
      "mae_ci_low": 1.4,
      "mae_ci_high": 2.3666666666666667,
      "rmse": 1.8618986725025255,
      "exact": 0.23333333333333334,
      "within_1": 0.5666666666666667,
      "rho": 0.4944053097383353,
      "p_value": 0.005483794382009913,
      "kappa": 0.09685863874345546,
      "llm_mean": 2.1333333333333333,
      "expert_mean": 3.533333333333333,
      "llm_std": 1.3597385369580761,
      "expert_std": 1.2310790208412925
    }
  }
}