{
  "overall_mae": 0.9666666666666666,
  "success_rate": 1.0,
  "config": {
    "model": "Qwen/Qwen2.5-32B-Instruct",
    "aggregation": "max",
    "chunking": true,
    "chunk_size": 1200,
    "max_chunks": 3,
    "temperature": 0.6,
    "quantization": "4bit"
  },
  "dimensions": {
    "crypto_assets": {
      "mae": 0.9666666666666667,
      "mae_ci_low": 1.3666666666666667,
      "mae_ci_high": 2.3333333333333335,
      "rmse": 1.3038404810405297,
      "exact": 0.36666666666666664,
      "within_1": 0.7,
      "rho": 0.7611780955918723,
      "p_value": 1.0406562048943027e-06,
      "kappa": 0.23592493297587136,
      "llm_mean": 1.9666666666666666,
      "expert_mean": 2.6666666666666665,
      "llm_std": 1.5595583420386112,
      "expert_std": 1.5129074290546956
    },
    "crypto_agility": {
      "mae": 1.1333333333333333,
      "mae_ci_low": 1.1333333333333333,
      "mae_ci_high": 2.033333333333333,
      "rmse": 1.61245154965971,
      "exact": 0.3333333333333333,
      "within_1": 0.7333333333333333,
      "rho": 0.3913548079631815,
      "p_value": 0.032469105736729564,
      "kappa": 0.180327868852459,
      "llm_mean": 2.1,
      "expert_mean": 2.7666666666666666,
      "llm_std": 1.3,
      "expert_std": 1.3337499349161706
    },
    "migration_planning": {
      "mae": 1.0,
      "mae_ci_low": 1.0325000000000009,
      "mae_ci_high": 1.7674999999999992,
      "rmse": 1.2382783747337807,
      "exact": 0.23333333333333334,
      "within_1": 0.8,
      "rho": 0.5051926686971874,
      "p_value": 0.004406395705657357,
      "kappa": 0.03496503496503511,
      "llm_mean": 2.7666666666666666,
      "expert_mean": 3.033333333333333,
      "llm_std": 1.1455226851626388,
      "expert_std": 1.3034143197344765
    },
    "risk_management": {
      "mae": 0.6666666666666666,
      "mae_ci_low": 0.7666666666666667,
      "mae_ci_high": 1.4,
      "rmse": 0.9309493362512627,
      "exact": 0.43333333333333335,
      "within_1": 0.9,
      "rho": 0.6222010227339363,
      "p_value": 0.0002415792916901609,
      "kappa": 0.23308270676691722,
      "llm_mean": 2.7666666666666666,
      "expert_mean": 3.033333333333333,
      "llm_std": 0.7608474807008886,
      "expert_std": 1.1100550536897809
    },
    "standards_compliance": {
      "mae": 1.0666666666666667,
      "mae_ci_low": 1.0666666666666667,
      "mae_ci_high": 1.9333333333333333,
      "rmse": 1.390443574307614,
      "exact": 0.26666666666666666,
      "within_1": 0.7666666666666667,
      "rho": 0.5918194734002753,
      "p_value": 0.0005714343862596489,
      "kappa": 0.05308464849354377,
      "llm_mean": 2.6666666666666665,
      "expert_mean": 3.533333333333333,
      "llm_std": 1.2202003478482086,
      "expert_std": 1.2310790208412925
    }
  }
}