{
  "overall_mae": 0.9933333333333334,
  "success_rate": 1.0,
  "config": {
    "model": "Qwen/Qwen2.5-32B-Instruct",
    "aggregation": "max",
    "chunking": true,
    "chunk_size": 1200,
    "max_chunks": 5,
    "temperature": 0.2,
    "quantization": "4bit"
  },
  "dimensions": {
    "crypto_assets": {
      "mae": 0.8666666666666667,
      "mae_ci_low": 1.3666666666666667,
      "mae_ci_high": 2.3333333333333335,
      "rmse": 1.2110601416389966,
      "exact": 0.4,
      "within_1": 0.7666666666666667,
      "rho": 0.819191547824999,
      "p_value": 3.116120835651629e-08,
      "kappa": 0.27903871829105475,
      "llm_mean": 1.9333333333333333,
      "expert_mean": 2.6666666666666665,
      "llm_std": 1.5477582354991866,
      "expert_std": 1.5129074290546956
    },
    "crypto_agility": {
      "mae": 1.0666666666666667,
      "mae_ci_low": 1.0666666666666667,
      "mae_ci_high": 1.8666666666666667,
      "rmse": 1.4832396974191326,
      "exact": 0.3333333333333333,
      "within_1": 0.7333333333333333,
      "rho": 0.37619490983017584,
      "p_value": 0.040471135804005576,
      "kappa": 0.16897506925207773,
      "llm_mean": 2.2333333333333334,
      "expert_mean": 2.7666666666666666,
      "llm_std": 1.1742609969205693,
      "expert_std": 1.3337499349161706
    },
    "migration_planning": {
      "mae": 1.1,
      "mae_ci_low": 1.0333333333333334,
      "mae_ci_high": 1.8,
      "rmse": 1.35400640077266,
      "exact": 0.2,
      "within_1": 0.7666666666666667,
      "rho": 0.40419142730346,
      "p_value": 0.02674147741889059,
      "kappa": -0.018387553041018467,
      "llm_mean": 2.8,
      "expert_mean": 3.033333333333333,
      "llm_std": 1.2220201853215573,
      "expert_std": 1.3034143197344765
    },
    "risk_management": {
      "mae": 0.8666666666666667,
      "mae_ci_low": 0.7666666666666667,
      "mae_ci_high": 1.4008333333333325,
      "rmse": 1.1254628677422756,
      "exact": 0.3333333333333333,
      "within_1": 0.8,
      "rho": 0.39935414102099526,
      "p_value": 0.02879434464266024,
      "kappa": 0.08675799086757985,
      "llm_mean": 2.6333333333333333,
      "expert_mean": 3.033333333333333,
      "llm_std": 0.7951240294584374,
      "expert_std": 1.1100550536897809
    },
    "standards_compliance": {
      "mae": 1.0666666666666667,
      "mae_ci_low": 1.1333333333333333,
      "mae_ci_high": 1.9666666666666666,
      "rmse": 1.4605934866804429,
      "exact": 0.3333333333333333,
      "within_1": 0.7333333333333333,
      "rho": 0.4698222186687546,
      "p_value": 0.00880351398672484,
      "kappa": 0.17920656634746923,
      "llm_mean": 2.6666666666666665,
      "expert_mean": 3.533333333333333,
      "llm_std": 1.247219128924647,
      "expert_std": 1.2310790208412925
    }
  }
}