{
  "overall_mae": 0.9733333333333333,
  "success_rate": 1.0,
  "config": {
    "model": "Qwen/Qwen2.5-32B-Instruct",
    "aggregation": "max",
    "chunking": true,
    "chunk_size": 3000,
    "max_chunks": 3,
    "temperature": 0.2,
    "quantization": "4bit"
  },
  "dimensions": {
    "crypto_assets": {
      "mae": 0.9,
      "mae_ci_low": 1.3666666666666667,
      "mae_ci_high": 2.2666666666666666,
      "rmse": 1.3038404810405297,
      "exact": 0.4,
      "within_1": 0.8,
      "rho": 0.7777009447218576,
      "p_value": 4.2638129218608913e-07,
      "kappa": 0.2847682119205298,
      "llm_mean": 1.9,
      "expert_mean": 2.6666666666666665,
      "llm_std": 1.468559384794046,
      "expert_std": 1.5129074290546956
    },
    "crypto_agility": {
      "mae": 1.1,
      "mae_ci_low": 1.0991666666666675,
      "mae_ci_high": 1.8666666666666667,
      "rmse": 1.51657508881031,
      "exact": 0.36666666666666664,
      "within_1": 0.6333333333333333,
      "rho": 0.3441234388789616,
      "p_value": 0.06259150473642262,
      "kappa": 0.21270718232044195,
      "llm_mean": 2.2,
      "expert_mean": 2.7666666666666666,
      "llm_std": 1.1661903789690602,
      "expert_std": 1.3337499349161706
    },
    "migration_planning": {
      "mae": 1.0666666666666667,
      "mae_ci_low": 1.1,
      "mae_ci_high": 1.9333333333333333,
      "rmse": 1.3662601021279464,
      "exact": 0.2,
      "within_1": 0.8333333333333334,
      "rho": 0.5438734934811312,
      "p_value": 0.0018927987187282935,
      "kappa": -0.005586592178770999,
      "llm_mean": 2.566666666666667,
      "expert_mean": 3.033333333333333,
      "llm_std": 1.3085190950927015,
      "expert_std": 1.3034143197344765
    },
    "risk_management": {
      "mae": 0.7666666666666667,
      "mae_ci_low": 0.8,
      "mae_ci_high": 1.5,
      "rmse": 1.0801234497346435,
      "exact": 0.43333333333333335,
      "within_1": 0.8,
      "rho": 0.490273774399622,
      "p_value": 0.005952130148185597,
      "kappa": 0.23652694610778457,
      "llm_mean": 2.6,
      "expert_mean": 3.033333333333333,
      "llm_std": 0.8793937305515279,
      "expert_std": 1.1100550536897809
    },
    "standards_compliance": {
      "mae": 1.0333333333333334,
      "mae_ci_low": 1.1333333333333333,
      "mae_ci_high": 2.0,
      "rmse": 1.4259499757471625,
      "exact": 0.3333333333333333,
      "within_1": 0.7666666666666667,
      "rho": 0.5955092571956789,
      "p_value": 0.0005170560980220019,
      "kappa": 0.1712707182320442,
      "llm_mean": 2.566666666666667,
      "expert_mean": 3.533333333333333,
      "llm_std": 1.2297244497131143,
      "expert_std": 1.2310790208412925
    }
  }
}