{
  "overall_mae": 1.0666666666666669,
  "success_rate": 1.0,
  "config": {
    "model": "Qwen/Qwen2.5-32B-Instruct",
    "aggregation": "max",
    "chunking": true,
    "chunk_size": 1000,
    "max_chunks": 3,
    "temperature": 0.2,
    "quantization": "4bit"
  },
  "dimensions": {
    "crypto_assets": {
      "mae": 1.1333333333333333,
      "mae_ci_low": 1.4666666666666666,
      "mae_ci_high": 2.433333333333333,
      "rmse": 1.505545305418162,
      "exact": 0.3,
      "within_1": 0.7,
      "rho": 0.7584643716422214,
      "p_value": 1.196794537571944e-06,
      "kappa": 0.17861799217731422,
      "llm_mean": 1.6666666666666667,
      "expert_mean": 2.6666666666666665,
      "llm_std": 1.5563490039905001,
      "expert_std": 1.5129074290546956
    },
    "crypto_agility": {
      "mae": 0.9666666666666667,
      "mae_ci_low": 1.0333333333333334,
      "mae_ci_high": 1.8666666666666667,
      "rmse": 1.35400640077266,
      "exact": 0.4,
      "within_1": 0.7,
      "rho": 0.5073708024213259,
      "p_value": 0.004212414843713077,
      "kappa": 0.25207756232686984,
      "llm_mean": 2.2,
      "expert_mean": 2.7666666666666666,
      "llm_std": 1.1372481406154653,
      "expert_std": 1.3337499349161706
    },
    "migration_planning": {
      "mae": 1.1,
      "mae_ci_low": 1.0,
      "mae_ci_high": 1.7666666666666666,
      "rmse": 1.4023789311975086,
      "exact": 0.26666666666666666,
      "within_1": 0.7,
      "rho": 0.3114009584836115,
      "p_value": 0.09391814327167086,
      "kappa": 0.05579399141630892,
      "llm_mean": 2.6666666666666665,
      "expert_mean": 3.033333333333333,
      "llm_std": 1.1352924243950935,
      "expert_std": 1.3034143197344765
    },
    "risk_management": {
      "mae": 0.9,
      "mae_ci_low": 0.7666666666666667,
      "mae_ci_high": 1.3666666666666667,
      "rmse": 1.1690451944500122,
      "exact": 0.3333333333333333,
      "within_1": 0.7666666666666667,
      "rho": 0.30746319268800176,
      "p_value": 0.09837128476004867,
      "kappa": 0.08952959028831575,
      "llm_mean": 2.6666666666666665,
      "expert_mean": 3.033333333333333,
      "llm_std": 0.7453559924999298,
      "expert_std": 1.1100550536897809
    },
    "standards_compliance": {
      "mae": 1.2333333333333334,
      "mae_ci_low": 1.2333333333333334,
      "mae_ci_high": 2.1666666666666665,
      "rmse": 1.5811388300841898,
      "exact": 0.26666666666666666,
      "within_1": 0.6333333333333333,
      "rho": 0.5722656661197435,
      "p_value": 0.0009520540013156386,
      "kappa": 0.09090909090909105,
      "llm_mean": 2.3666666666666667,
      "expert_mean": 3.533333333333333,
      "llm_std": 1.303414319734477,
      "expert_std": 1.2310790208412925
    }
  }
}