{
  "overall_mae": 0.9800000000000001,
  "success_rate": 1.0,
  "config": {
    "model": "Qwen/Qwen2.5-32B-Instruct",
    "aggregation": "max",
    "chunking": true,
    "chunk_size": 3000,
    "max_chunks": 2,
    "temperature": 0.2,
    "quantization": "4bit"
  },
  "dimensions": {
    "crypto_assets": {
      "mae": 0.8666666666666667,
      "mae_ci_low": 1.3666666666666667,
      "mae_ci_high": 2.2666666666666666,
      "rmse": 1.2909944487358056,
      "exact": 0.43333333333333335,
      "within_1": 0.8,
      "rho": 0.788874139976766,
      "p_value": 2.2323744343066413e-07,
      "kappa": 0.31909212283044064,
      "llm_mean": 1.8666666666666667,
      "expert_mean": 2.6666666666666665,
      "llm_std": 1.4313940369055926,
      "expert_std": 1.5129074290546956
    },
    "crypto_agility": {
      "mae": 1.0666666666666667,
      "mae_ci_low": 1.0666666666666667,
      "mae_ci_high": 1.8666666666666667,
      "rmse": 1.5491933384829668,
      "exact": 0.4,
      "within_1": 0.6666666666666666,
      "rho": 0.36618625470414784,
      "p_value": 0.04656920154175121,
      "kappa": 0.2541436464088398,
      "llm_mean": 2.1666666666666665,
      "expert_mean": 2.7666666666666666,
      "llm_std": 1.1571036638473187,
      "expert_std": 1.3337499349161706
    },
    "migration_planning": {
      "mae": 1.0666666666666667,
      "mae_ci_low": 1.0666666666666667,
      "mae_ci_high": 1.9,
      "rmse": 1.390443574307614,
      "exact": 0.23333333333333334,
      "within_1": 0.8,
      "rho": 0.4880980939482185,
      "p_value": 0.006212151855858901,
      "kappa": 0.022662889518413665,
      "llm_mean": 2.5,
      "expert_mean": 3.033333333333333,
      "llm_std": 1.2315302134607444,
      "expert_std": 1.3034143197344765
    },
    "risk_management": {
      "mae": 0.7666666666666667,
      "mae_ci_low": 0.8,
      "mae_ci_high": 1.4666666666666666,
      "rmse": 1.0488088481701516,
      "exact": 0.4,
      "within_1": 0.8333333333333334,
      "rho": 0.5012575165880386,
      "p_value": 0.004776275933607839,
      "kappa": 0.19762258543833577,
      "llm_mean": 2.6,
      "expert_mean": 3.033333333333333,
      "llm_std": 0.8406346808612328,
      "expert_std": 1.1100550536897809
    },
    "standards_compliance": {
      "mae": 1.1333333333333333,
      "mae_ci_low": 1.1666666666666667,
      "mae_ci_high": 2.033333333333333,
      "rmse": 1.4832396974191326,
      "exact": 0.26666666666666666,
      "within_1": 0.7333333333333333,
      "rho": 0.5471631188697607,
      "p_value": 0.001753312180755634,
      "kappa": 0.09959072305593453,
      "llm_mean": 2.533333333333333,
      "expert_mean": 3.533333333333333,
      "llm_std": 1.2310790208412925,
      "expert_std": 1.2310790208412925
    }
  }
}