{
  "overall_mae": 1.5466666666666666,
  "success_rate": 1.0,
  "config": {
    "model": "Qwen/Qwen2.5-32B-Instruct",
    "aggregation": "max",
    "chunking": true,
    "chunk_size": 1000,
    "max_chunks": 1,
    "temperature": 0.2,
    "quantization": "4bit"
  },
  "dimensions": {
    "crypto_assets": {
      "mae": 1.6666666666666667,
      "mae_ci_low": 1.5666666666666667,
      "mae_ci_high": 2.6,
      "rmse": 2.1447610589527217,
      "exact": 0.16666666666666666,
      "within_1": 0.5666666666666667,
      "rho": 0.4520736411168132,
      "p_value": 0.012139973868555249,
      "kappa": 0.025974025974025983,
      "llm_mean": 1.1333333333333333,
      "expert_mean": 2.6666666666666665,
      "llm_std": 1.2578641509408803,
      "expert_std": 1.5129074290546956
    },
    "crypto_agility": {
      "mae": 1.6,
      "mae_ci_low": 1.3666666666666667,
      "mae_ci_high": 2.2666666666666666,
      "rmse": 2.1291625896895083,
      "exact": 0.3,
      "within_1": 0.5,
      "rho": 0.12019448178361762,
      "p_value": 0.526956455385078,
      "kappa": 0.16886543535620047,
      "llm_mean": 1.4333333333333333,
      "expert_mean": 2.7666666666666666,
      "llm_std": 1.2023125864580952,
      "expert_std": 1.3337499349161706
    },
    "migration_planning": {
      "mae": 1.5,
      "mae_ci_low": 1.2666666666666666,
      "mae_ci_high": 2.1333333333333333,
      "rmse": 1.8708286933869707,
      "exact": 0.16666666666666666,
      "within_1": 0.6,
      "rho": 0.2586772073646324,
      "p_value": 0.16750816382874853,
      "kappa": -0.01902173913043481,
      "llm_mean": 1.9333333333333333,
      "expert_mean": 3.033333333333333,
      "llm_std": 1.2631530214330946,
      "expert_std": 1.3034143197344765
    },
    "risk_management": {
      "mae": 1.3,
      "mae_ci_low": 0.8666666666666667,
      "mae_ci_high": 1.6,
      "rmse": 1.6020819787597222,
      "exact": 0.2,
      "within_1": 0.6333333333333333,
      "rho": -0.07011669938817859,
      "p_value": 0.7127390327018999,
      "kappa": -0.07623318385650224,
      "llm_mean": 2.1333333333333333,
      "expert_mean": 3.033333333333333,
      "llm_std": 0.7180219742846005,
      "expert_std": 1.1100550536897809
    },
    "standards_compliance": {
      "mae": 1.6666666666666667,
      "mae_ci_low": 1.4666666666666666,
      "mae_ci_high": 2.466666666666667,
      "rmse": 2.016597794967223,
      "exact": 0.2,
      "within_1": 0.43333333333333335,
      "rho": 0.5199105480247533,
      "p_value": 0.003231943863781696,
      "kappa": 0.06127770534550192,
      "llm_mean": 1.9333333333333333,
      "expert_mean": 3.533333333333333,
      "llm_std": 1.339983416149452,
      "expert_std": 1.2310790208412925
    }
  }
}