{
  "overall_mae": 0.9466666666666667,
  "success_rate": 1.0,
  "config": {
    "model": "Qwen/Qwen2.5-32B-Instruct",
    "aggregation": "max",
    "chunking": true,
    "chunk_size": 2000,
    "max_chunks": 5,
    "temperature": 0.2,
    "quantization": "4bit"
  },
  "dimensions": {
    "crypto_assets": {
      "mae": 0.9,
      "mae_ci_low": 1.3333333333333333,
      "mae_ci_high": 2.2666666666666666,
      "rmse": 1.2780193008453875,
      "exact": 0.4,
      "within_1": 0.7666666666666667,
      "rho": 0.759541560086283,
      "p_value": 1.1324380734769864e-06,
      "kappa": 0.26928281461434367,
      "llm_mean": 1.9666666666666666,
      "expert_mean": 2.6666666666666665,
      "llm_std": 1.4940623220676648,
      "expert_std": 1.5129074290546956
    },
    "crypto_agility": {
      "mae": 1.1,
      "mae_ci_low": 1.0666666666666667,
      "mae_ci_high": 1.8666666666666667,
      "rmse": 1.5811388300841898,
      "exact": 0.4,
      "within_1": 0.6666666666666666,
      "rho": 0.23571512584007834,
      "p_value": 0.20985465971399378,
      "kappa": 0.25,
      "llm_mean": 2.2,
      "expert_mean": 2.7666666666666666,
      "llm_std": 1.1372481406154655,
      "expert_std": 1.3337499349161706
    },
    "migration_planning": {
      "mae": 1.0,
      "mae_ci_low": 1.0,
      "mae_ci_high": 1.7666666666666666,
      "rmse": 1.3165611772087666,
      "exact": 0.3,
      "within_1": 0.7666666666666667,
      "rho": 0.38320038746153035,
      "p_value": 0.03659679626280284,
      "kappa": 0.10384068278805125,
      "llm_mean": 2.9,
      "expert_mean": 3.033333333333333,
      "llm_std": 1.1930353445448854,
      "expert_std": 1.3034143197344765
    },
    "risk_management": {
      "mae": 0.7333333333333333,
      "mae_ci_low": 0.7666666666666667,
      "mae_ci_high": 1.4,
      "rmse": 1.0327955589886444,
      "exact": 0.43333333333333335,
      "within_1": 0.8333333333333334,
      "rho": 0.5132355491407022,
      "p_value": 0.0037260714484942167,
      "kappa": 0.2272727272727273,
      "llm_mean": 2.7666666666666666,
      "expert_mean": 3.033333333333333,
      "llm_std": 0.8034647195462634,
      "expert_std": 1.1100550536897809
    },
    "standards_compliance": {
      "mae": 1.0,
      "mae_ci_low": 1.1,
      "mae_ci_high": 1.9666666666666666,
      "rmse": 1.4142135623730951,
      "exact": 0.36666666666666664,
      "within_1": 0.7666666666666667,
      "rho": 0.5560798914417218,
      "p_value": 0.001419149689447951,
      "kappa": 0.19718309859154926,
      "llm_mean": 2.6,
      "expert_mean": 3.533333333333333,
      "llm_std": 1.1718930554164628,
      "expert_std": 1.2310790208412925
    }
  }
}