{
  "overall_mae": 1.0133333333333332,
  "success_rate": 1.0,
  "config": {
    "model": "Qwen/Qwen2.5-32B-Instruct",
    "aggregation": "max",
    "chunking": true,
    "chunk_size": 3000,
    "max_chunks": 5,
    "temperature": 0.2,
    "quantization": "4bit"
  },
  "dimensions": {
    "crypto_assets": {
      "mae": 0.9333333333333333,
      "mae_ci_low": 1.4,
      "mae_ci_high": 2.3,
      "rmse": 1.3416407864998738,
      "exact": 0.4,
      "within_1": 0.7666666666666667,
      "rho": 0.7715579865946953,
      "p_value": 5.992175169114217e-07,
      "kappa": 0.2857142857142857,
      "llm_mean": 1.8666666666666667,
      "expert_mean": 2.6666666666666665,
      "llm_std": 1.4996295838935991,
      "expert_std": 1.5129074290546956
    },
    "crypto_agility": {
      "mae": 1.1333333333333333,
      "mae_ci_low": 1.1,
      "mae_ci_high": 1.9333333333333333,
      "rmse": 1.61245154965971,
      "exact": 0.36666666666666664,
      "within_1": 0.6666666666666666,
      "rho": 0.3597707751810007,
      "p_value": 0.05084769115884532,
      "kappa": 0.2191780821917808,
      "llm_mean": 2.1,
      "expert_mean": 2.7666666666666666,
      "llm_std": 1.2206555615733703,
      "expert_std": 1.3337499349161706
    },
    "migration_planning": {
      "mae": 1.1666666666666667,
      "mae_ci_low": 1.1,
      "mae_ci_high": 1.9666666666666666,
      "rmse": 1.449137674618944,
      "exact": 0.2,
      "within_1": 0.7,
      "rho": 0.4835840952028502,
      "p_value": 0.006782566499401168,
      "kappa": -0.006993006993006867,
      "llm_mean": 2.533333333333333,
      "expert_mean": 3.033333333333333,
      "llm_std": 1.3349989596333858,
      "expert_std": 1.3034143197344765
    },
    "risk_management": {
      "mae": 0.8,
      "mae_ci_low": 0.8333333333333334,
      "mae_ci_high": 1.5333333333333334,
      "rmse": 1.0645812948447542,
      "exact": 0.36666666666666664,
      "within_1": 0.8333333333333334,
      "rho": 0.5522084374014034,
      "p_value": 0.0015567214440448825,
      "kappa": 0.15555555555555556,
      "llm_mean": 2.566666666666667,
      "expert_mean": 3.033333333333333,
      "llm_std": 0.9195409482755815,
      "expert_std": 1.1100550536897809
    },
    "standards_compliance": {
      "mae": 1.0333333333333334,
      "mae_ci_low": 1.1333333333333333,
      "mae_ci_high": 2.0,
      "rmse": 1.4259499757471625,
      "exact": 0.3333333333333333,
      "within_1": 0.7666666666666667,
      "rho": 0.540421087675546,
      "p_value": 0.0020494402348546588,
      "kappa": 0.1746905089408528,
      "llm_mean": 2.6333333333333333,
      "expert_mean": 3.533333333333333,
      "llm_std": 1.2242911781471306,
      "expert_std": 1.2310790208412925
    }
  }
}