{
  "overall_mae": 1.3066666666666666,
  "success_rate": 1.0,
  "config": {
    "model": "Qwen/Qwen2.5-32B-Instruct",
    "aggregation": "mean",
    "chunking": true,
    "chunk_size": 1200,
    "max_chunks": 3,
    "temperature": 0.2,
    "quantization": "4bit"
  },
  "dimensions": {
    "crypto_assets": {
      "mae": 1.4666666666666666,
      "mae_ci_low": 1.5,
      "mae_ci_high": 2.5,
      "rmse": 1.7511900715418263,
      "exact": 0.16666666666666666,
      "within_1": 0.5333333333333333,
      "rho": 0.7616489788502601,
      "p_value": 1.0155283070029453e-06,
      "kappa": 0.02088772845953024,
      "llm_mean": 1.3333333333333333,
      "expert_mean": 2.6666666666666665,
      "llm_std": 1.349897115421106,
      "expert_std": 1.5129074290546956
    },
    "crypto_agility": {
      "mae": 1.4,
      "mae_ci_low": 1.2,
      "mae_ci_high": 2.066666666666667,
      "rmse": 1.8257418583505538,
      "exact": 0.3,
      "within_1": 0.5333333333333333,
      "rho": 0.24828294692361128,
      "p_value": 0.18585393404651496,
      "kappa": 0.14634146341463405,
      "llm_mean": 1.7,
      "expert_mean": 2.7666666666666666,
      "llm_std": 1.1298967504452198,
      "expert_std": 1.3337499349161706
    },
    "migration_planning": {
      "mae": 1.2333333333333334,
      "mae_ci_low": 1.1333333333333333,
      "mae_ci_high": 2.0,
      "rmse": 1.5811388300841898,
      "exact": 0.23333333333333334,
      "within_1": 0.6666666666666666,
      "rho": 0.4028001243173477,
      "p_value": 0.027319291619687144,
      "kappa": 0.04958677685950419,
      "llm_mean": 2.2,
      "expert_mean": 3.033333333333333,
      "llm_std": 1.2489995996796794,
      "expert_std": 1.3034143197344765
    },
    "risk_management": {
      "mae": 1.0666666666666667,
      "mae_ci_low": 0.8666666666666667,
      "mae_ci_high": 1.5666666666666667,
      "rmse": 1.3416407864998738,
      "exact": 0.26666666666666666,
      "within_1": 0.7,
      "rho": 0.40836784078306365,
      "p_value": 0.025066612437181682,
      "kappa": 0.016393442622950838,
      "llm_mean": 2.2333333333333334,
      "expert_mean": 3.033333333333333,
      "llm_std": 0.8034647195462634,
      "expert_std": 1.1100550536897809
    },
    "standards_compliance": {
      "mae": 1.3666666666666667,
      "mae_ci_low": 1.2991666666666675,
      "mae_ci_high": 2.2333333333333334,
      "rmse": 1.6832508230603465,
      "exact": 0.23333333333333334,
      "within_1": 0.5333333333333333,
      "rho": 0.5691597717814552,
      "p_value": 0.0010294792143693144,
      "kappa": 0.07999999999999996,
      "llm_mean": 2.2333333333333334,
      "expert_mean": 3.533333333333333,
      "llm_std": 1.2297244497131146,
      "expert_std": 1.2310790208412925
    }
  }
}