{
  "overall_mae": 0.8733333333333333,
  "success_rate": 1.0,
  "config": {
    "model": "Qwen/Qwen2.5-32B-Instruct",
    "aggregation": "max",
    "chunking": true,
    "chunk_size": 2000,
    "max_chunks": 2,
    "temperature": 0.2,
    "quantization": "4bit"
  },
  "dimensions": {
    "crypto_assets": {
      "mae": 0.8,
      "mae_ci_low": 1.3658333333333341,
      "mae_ci_high": 2.2666666666666666,
      "rmse": 1.2110601416389966,
      "exact": 0.4666666666666667,
      "within_1": 0.8,
      "rho": 0.7918001097083898,
      "p_value": 1.8724076669738218e-07,
      "kappa": 0.357429718875502,
      "llm_mean": 2.0,
      "expert_mean": 2.6666666666666665,
      "llm_std": 1.4832396974191326,
      "expert_std": 1.5129074290546956
    },
    "crypto_agility": {
      "mae": 1.0,
      "mae_ci_low": 1.0666666666666667,
      "mae_ci_high": 1.8333333333333333,
      "rmse": 1.4832396974191326,
      "exact": 0.43333333333333335,
      "within_1": 0.7,
      "rho": 0.33900949783452716,
      "p_value": 0.06685771209847481,
      "kappa": 0.2896935933147633,
      "llm_mean": 2.1666666666666665,
      "expert_mean": 2.7666666666666666,
      "llm_std": 1.0979779394667069,
      "expert_std": 1.3337499349161706
    },
    "migration_planning": {
      "mae": 0.9666666666666667,
      "mae_ci_low": 1.0,
      "mae_ci_high": 1.7333333333333334,
      "rmse": 1.224744871391589,
      "exact": 0.26666666666666666,
      "within_1": 0.8,
      "rho": 0.43280721194741867,
      "p_value": 0.016899378271847863,
      "kappa": 0.05982905982905973,
      "llm_mean": 2.933333333333333,
      "expert_mean": 3.033333333333333,
      "llm_std": 1.1234866364235145,
      "expert_std": 1.3034143197344765
    },
    "risk_management": {
      "mae": 0.6333333333333333,
      "mae_ci_low": 0.7333333333333333,
      "mae_ci_high": 1.3,
      "rmse": 0.9128709291752769,
      "exact": 0.4666666666666667,
      "within_1": 0.9,
      "rho": 0.5822162393660182,
      "p_value": 0.0007372015642168846,
      "kappa": 0.2615384615384615,
      "llm_mean": 2.8,
      "expert_mean": 3.033333333333333,
      "llm_std": 0.653197264742181,
      "expert_std": 1.1100550536897809
    },
    "standards_compliance": {
      "mae": 0.9666666666666667,
      "mae_ci_low": 1.0666666666666667,
      "mae_ci_high": 1.9333333333333333,
      "rmse": 1.378404875209022,
      "exact": 0.36666666666666664,
      "within_1": 0.8,
      "rho": 0.5764019554720864,
      "p_value": 0.0008568750823840856,
      "kappa": 0.1868758915834522,
      "llm_mean": 2.6333333333333333,
      "expert_mean": 3.533333333333333,
      "llm_std": 1.1685698761972072,
      "expert_std": 1.2310790208412925
    }
  }
}