{
  "overall_mae": 1.1533333333333333,
  "success_rate": 1.0,
  "config": {
    "model": "Qwen/Qwen2.5-32B-Instruct",
    "aggregation": "top2_mean",
    "chunking": true,
    "chunk_size": 1200,
    "max_chunks": 3,
    "temperature": 0.2,
    "quantization": "4bit"
  },
  "dimensions": {
    "crypto_assets": {
      "mae": 1.2333333333333334,
      "mae_ci_low": 1.4991666666666674,
      "mae_ci_high": 2.466666666666667,
      "rmse": 1.5383974345619102,
      "exact": 0.23333333333333334,
      "within_1": 0.6333333333333333,
      "rho": 0.7944440020483113,
      "p_value": 1.593506414019539e-07,
      "kappa": 0.10967741935483866,
      "llm_mean": 1.5666666666666667,
      "expert_mean": 2.6666666666666665,
      "llm_std": 1.5205992970609392,
      "expert_std": 1.5129074290546956
    },
    "crypto_agility": {
      "mae": 1.2333333333333334,
      "mae_ci_low": 1.1658333333333342,
      "mae_ci_high": 2.0,
      "rmse": 1.622754859285078,
      "exact": 0.26666666666666666,
      "within_1": 0.6666666666666666,
      "rho": 0.3348779765463971,
      "p_value": 0.07046679382085014,
      "kappa": 0.09589041095890416,
      "llm_mean": 1.9333333333333333,
      "expert_mean": 2.7666666666666666,
      "llm_std": 1.1813363431112902,
      "expert_std": 1.3337499349161706
    },
    "migration_planning": {
      "mae": 1.0333333333333334,
      "mae_ci_low": 1.0333333333333334,
      "mae_ci_high": 1.8341666666666658,
      "rmse": 1.2780193008453875,
      "exact": 0.2,
      "within_1": 0.8333333333333334,
      "rho": 0.49181281298536655,
      "p_value": 0.005773840657681847,
      "kappa": -0.008403361344537785,
      "llm_mean": 2.6,
      "expert_mean": 3.033333333333333,
      "llm_std": 1.2000000000000002,
      "expert_std": 1.3034143197344765
    },
    "risk_management": {
      "mae": 0.8333333333333334,
      "mae_ci_low": 0.8333333333333334,
      "mae_ci_high": 1.4666666666666666,
      "rmse": 1.1105554165971787,
      "exact": 0.36666666666666664,
      "within_1": 0.8,
      "rho": 0.4962488451134445,
      "p_value": 0.005285180874574016,
      "kappa": 0.13109756097560976,
      "llm_mean": 2.466666666666667,
      "expert_mean": 3.033333333333333,
      "llm_std": 0.805536398239638,
      "expert_std": 1.1100550536897809
    },
    "standards_compliance": {
      "mae": 1.4333333333333333,
      "mae_ci_low": 1.3666666666666667,
      "mae_ci_high": 2.2666666666666666,
      "rmse": 1.760681686165901,
      "exact": 0.2,
      "within_1": 0.5666666666666667,
      "rho": 0.48697694866193514,
      "p_value": 0.006349872555790712,
      "kappa": 0.08163265306122447,
      "llm_mean": 2.3,
      "expert_mean": 3.533333333333333,
      "llm_std": 1.3453624047073713,
      "expert_std": 1.2310790208412925
    }
  }
}