{
  "overall_mae": 1.6866666666666668,
  "success_rate": 1.0,
  "config": {
    "model": "Qwen/Qwen2.5-7B-Instruct",
    "aggregation": "max",
    "chunking": true,
    "chunk_size": 1200,
    "max_chunks": 3,
    "temperature": 0.7,
    "quantization": "4bit"
  },
  "dimensions": {
    "crypto_assets": {
      "mae": 1.3,
      "mae_ci_low": 1.4666666666666666,
      "mae_ci_high": 2.466666666666667,
      "rmse": 1.6431676725154984,
      "exact": 0.23333333333333334,
      "within_1": 0.6,
      "rho": 0.7291381130612625,
      "p_value": 4.872814412823824e-06,
      "kappa": 0.09567496723460023,
      "llm_mean": 1.5666666666666667,
      "expert_mean": 2.6666666666666665,
      "llm_std": 1.5638272140986536,
      "expert_std": 1.5129074290546956
    },
    "crypto_agility": {
      "mae": 2.1,
      "mae_ci_low": 1.8333333333333333,
      "mae_ci_high": 2.8,
      "rmse": 2.5755258362775812,
      "exact": 0.13333333333333333,
      "within_1": 0.43333333333333335,
      "rho": 0.14228249028213436,
      "p_value": 0.45323817352826135,
      "kappa": 0.04176904176904184,
      "llm_mean": 1.0666666666666667,
      "expert_mean": 2.7666666666666666,
      "llm_std": 1.6519348924485153,
      "expert_std": 1.3337499349161706
    },
    "migration_planning": {
      "mae": 1.8,
      "mae_ci_low": 1.6325000000000007,
      "mae_ci_high": 2.6666666666666665,
      "rmse": 2.1291625896895083,
      "exact": 0.06666666666666667,
      "within_1": 0.4666666666666667,
      "rho": 0.4555681114837913,
      "p_value": 0.01141041658233473,
      "kappa": -0.06463878326996197,
      "llm_mean": 1.7666666666666666,
      "expert_mean": 3.033333333333333,
      "llm_std": 1.8381754238616315,
      "expert_std": 1.3034143197344765
    },
    "risk_management": {
      "mae": 1.1666666666666667,
      "mae_ci_low": 1.1333333333333333,
      "mae_ci_high": 2.066666666666667,
      "rmse": 1.622754859285078,
      "exact": 0.3333333333333333,
      "within_1": 0.6666666666666666,
      "rho": 0.48589728429538237,
      "p_value": 0.0064849422362685495,
      "kappa": 0.1847826086956521,
      "llm_mean": 2.066666666666667,
      "expert_mean": 3.033333333333333,
      "llm_std": 1.4360439485692011,
      "expert_std": 1.1100550536897809
    },
    "standards_compliance": {
      "mae": 2.066666666666667,
      "mae_ci_low": 1.8325000000000007,
      "mae_ci_high": 2.933333333333333,
      "rmse": 2.5298221281347035,
      "exact": 0.13333333333333333,
      "within_1": 0.4666666666666667,
      "rho": 0.439553913252128,
      "p_value": 0.015082212397932651,
      "kappa": 0.015151515151515249,
      "llm_mean": 1.6,
      "expert_mean": 3.533333333333333,
      "llm_std": 1.7435595774162693,
      "expert_std": 1.2310790208412925
    }
  }
}