{
  "overall_mae": 1.1800000000000002,
  "success_rate": 1.0,
  "config": {
    "model": "Qwen/Qwen2.5-32B-Instruct",
    "aggregation": "top2_mean",
    "chunking": true,
    "chunk_size": 1200,
    "max_chunks": 3,
    "temperature": 0.4,
    "quantization": "4bit"
  },
  "dimensions": {
    "crypto_assets": {
      "mae": 1.1,
      "mae_ci_low": 1.4666666666666666,
      "mae_ci_high": 2.4,
      "rmse": 1.449137674618944,
      "exact": 0.3,
      "within_1": 0.7,
      "rho": 0.8386289450852272,
      "p_value": 7.202295333980122e-09,
      "kappa": 0.1796874999999999,
      "llm_mean": 1.5666666666666667,
      "expert_mean": 2.6666666666666665,
      "llm_std": 1.453348623772776,
      "expert_std": 1.5129074290546956
    },
    "crypto_agility": {
      "mae": 1.3,
      "mae_ci_low": 1.1666666666666667,
      "mae_ci_high": 2.033333333333333,
      "rmse": 1.66332999331662,
      "exact": 0.2,
      "within_1": 0.7,
      "rho": 0.393635358159893,
      "p_value": 0.031384787565792445,
      "kappa": 0.021739130434782483,
      "llm_mean": 1.8,
      "expert_mean": 2.7666666666666666,
      "llm_std": 1.1944315244779278,
      "expert_std": 1.3337499349161706
    },
    "migration_planning": {
      "mae": 1.1,
      "mae_ci_low": 1.0666666666666667,
      "mae_ci_high": 1.9,
      "rmse": 1.4259499757471625,
      "exact": 0.23333333333333334,
      "within_1": 0.7666666666666667,
      "rho": 0.43605892661601714,
      "p_value": 0.016002117537128397,
      "kappa": 0.025423728813559365,
      "llm_mean": 2.533333333333333,
      "expert_mean": 3.033333333333333,
      "llm_std": 1.2578641509408806,
      "expert_std": 1.3034143197344765
    },
    "risk_management": {
      "mae": 0.9333333333333333,
      "mae_ci_low": 0.9,
      "mae_ci_high": 1.6333333333333333,
      "rmse": 1.1832159566199232,
      "exact": 0.3,
      "within_1": 0.7666666666666667,
      "rho": 0.5412229741400619,
      "p_value": 0.0020120898777367846,
      "kappa": 0.05405405405405406,
      "llm_mean": 2.3666666666666667,
      "expert_mean": 3.033333333333333,
      "llm_std": 1.015983376941878,
      "expert_std": 1.1100550536897809
    },
    "standards_compliance": {
      "mae": 1.4666666666666666,
      "mae_ci_low": 1.3666666666666667,
      "mae_ci_high": 2.3333333333333335,
      "rmse": 1.7511900715418263,
      "exact": 0.16666666666666666,
      "within_1": 0.5333333333333333,
      "rho": 0.5430259638899627,
      "p_value": 0.001930257678014285,
      "kappa": 0.022164276401564487,
      "llm_mean": 2.2,
      "expert_mean": 3.533333333333333,
      "llm_std": 1.3759844960366863,
      "expert_std": 1.2310790208412925
    }
  }
}