{
  "overall_mae": 1.42,
  "success_rate": 1.0,
  "config": {
    "model": "Qwen/Qwen2.5-32B-Instruct",
    "aggregation": "max",
    "chunking": true,
    "chunk_size": 1200,
    "max_chunks": 1,
    "temperature": 0.2,
    "quantization": "4bit"
  },
  "dimensions": {
    "crypto_assets": {
      "mae": 1.5666666666666667,
      "mae_ci_low": 1.6,
      "mae_ci_high": 2.6666666666666665,
      "rmse": 2.183269719175042,
      "exact": 0.23333333333333334,
      "within_1": 0.6666666666666666,
      "rho": 0.3977692318264627,
      "p_value": 0.029494181711510373,
      "kappa": 0.11082474226804129,
      "llm_mean": 1.2333333333333334,
      "expert_mean": 2.6666666666666665,
      "llm_std": 1.4761059883656353,
      "expert_std": 1.5129074290546956
    },
    "crypto_agility": {
      "mae": 1.6333333333333333,
      "mae_ci_low": 1.4333333333333333,
      "mae_ci_high": 2.3666666666666667,
      "rmse": 2.136976056643281,
      "exact": 0.3,
      "within_1": 0.4666666666666667,
      "rho": 0.20198777315470845,
      "p_value": 0.28443731926713406,
      "kappa": 0.17754569190600522,
      "llm_mean": 1.4,
      "expert_mean": 2.7666666666666666,
      "llm_std": 1.2806248474865698,
      "expert_std": 1.3337499349161706
    },
    "migration_planning": {
      "mae": 1.4,
      "mae_ci_low": 1.2,
      "mae_ci_high": 2.033333333333333,
      "rmse": 1.7320508075688772,
      "exact": 0.13333333333333333,
      "within_1": 0.6666666666666666,
      "rho": 0.296370031546546,
      "p_value": 0.11177309117808462,
      "kappa": -0.06995884773662553,
      "llm_mean": 2.1666666666666665,
      "expert_mean": 3.033333333333333,
      "llm_std": 1.3186693629901654,
      "expert_std": 1.3034143197344765
    },
    "risk_management": {
      "mae": 1.0666666666666667,
      "mae_ci_low": 0.8,
      "mae_ci_high": 1.5,
      "rmse": 1.4142135623730951,
      "exact": 0.3,
      "within_1": 0.7333333333333333,
      "rho": 0.09083700669547186,
      "p_value": 0.633089593972592,
      "kappa": 0.04977375565610864,
      "llm_mean": 2.3,
      "expert_mean": 3.033333333333333,
      "llm_std": 0.6403124237432849,
      "expert_std": 1.1100550536897809
    },
    "standards_compliance": {
      "mae": 1.4333333333333333,
      "mae_ci_low": 1.3666666666666667,
      "mae_ci_high": 2.3333333333333335,
      "rmse": 1.816590212458495,
      "exact": 0.23333333333333334,
      "within_1": 0.5666666666666667,
      "rho": 0.5313065980990704,
      "p_value": 0.0025180649485935136,
      "kappa": 0.08609271523178796,
      "llm_mean": 2.1666666666666665,
      "expert_mean": 3.533333333333333,
      "llm_std": 1.3682917167849196,
      "expert_std": 1.2310790208412925
    }
  }
}