{
  "overall_mae": 1.1733333333333333,
  "success_rate": 1.0,
  "config": {
    "model": "Qwen/Qwen2.5-32B-Instruct",
    "aggregation": "top2_mean",
    "chunking": true,
    "chunk_size": 1200,
    "max_chunks": 3,
    "temperature": 0.6,
    "quantization": "4bit"
  },
  "dimensions": {
    "crypto_assets": {
      "mae": 1.1333333333333333,
      "mae_ci_low": 1.4666666666666666,
      "mae_ci_high": 2.4,
      "rmse": 1.4605934866804429,
      "exact": 0.26666666666666666,
      "within_1": 0.7,
      "rho": 0.7841072427678425,
      "p_value": 2.955757818344962e-07,
      "kappa": 0.1428571428571428,
      "llm_mean": 1.6666666666666667,
      "expert_mean": 2.6666666666666665,
      "llm_std": 1.4907119849998596,
      "expert_std": 1.5129074290546956
    },
    "crypto_agility": {
      "mae": 1.2333333333333334,
      "mae_ci_low": 1.1,
      "mae_ci_high": 1.9666666666666666,
      "rmse": 1.6431676725154984,
      "exact": 0.26666666666666666,
      "within_1": 0.7,
      "rho": 0.292307290018147,
      "p_value": 0.11700725775797281,
      "kappa": 0.09340659340659352,
      "llm_mean": 1.9333333333333333,
      "expert_mean": 2.7666666666666666,
      "llm_std": 1.1234866364235145,
      "expert_std": 1.3337499349161706
    },
    "migration_planning": {
      "mae": 1.2,
      "mae_ci_low": 1.0666666666666667,
      "mae_ci_high": 1.9666666666666666,
      "rmse": 1.4832396974191326,
      "exact": 0.16666666666666666,
      "within_1": 0.7333333333333333,
      "rho": 0.4126688987602902,
      "p_value": 0.02343244968289209,
      "kappa": -0.053370786516853785,
      "llm_mean": 2.5,
      "expert_mean": 3.033333333333333,
      "llm_std": 1.3102162671355697,
      "expert_std": 1.3034143197344765
    },
    "risk_management": {
      "mae": 0.9,
      "mae_ci_low": 0.9,
      "mae_ci_high": 1.6,
      "rmse": 1.140175425099138,
      "exact": 0.3,
      "within_1": 0.8,
      "rho": 0.5755117113755707,
      "p_value": 0.0008766249636596407,
      "kappa": 0.05263157894736836,
      "llm_mean": 2.466666666666667,
      "expert_mean": 3.033333333333333,
      "llm_std": 0.9910712498212337,
      "expert_std": 1.1100550536897809
    },
    "standards_compliance": {
      "mae": 1.4,
      "mae_ci_low": 1.3333333333333333,
      "mae_ci_high": 2.3,
      "rmse": 1.7701224063135672,
      "exact": 0.2,
      "within_1": 0.6333333333333333,
      "rho": 0.5044115019642033,
      "p_value": 0.0044778034439283045,
      "kappa": 0.040000000000000036,
      "llm_mean": 2.2666666666666666,
      "expert_mean": 3.533333333333333,
      "llm_std": 1.3646326326972478,
      "expert_std": 1.2310790208412925
    }
  }
}