{
  "overall_mae": 0.9200000000000002,
  "success_rate": 1.0,
  "config": {
    "model": "Qwen/Qwen2.5-32B-Instruct",
    "aggregation": "max",
    "chunking": true,
    "chunk_size": 2000,
    "max_chunks": 3,
    "temperature": 0.2,
    "quantization": "4bit"
  },
  "dimensions": {
    "crypto_assets": {
      "mae": 0.8333333333333334,
      "mae_ci_low": 1.3333333333333333,
      "mae_ci_high": 2.2666666666666666,
      "rmse": 1.2516655570345725,
      "exact": 0.4666666666666667,
      "within_1": 0.7666666666666667,
      "rho": 0.798611686621227,
      "p_value": 1.2298831810384368e-07,
      "kappa": 0.34782608695652173,
      "llm_mean": 1.9,
      "expert_mean": 2.6666666666666665,
      "llm_std": 1.4456832294800959,
      "expert_std": 1.5129074290546956
    },
    "crypto_agility": {
      "mae": 1.0333333333333334,
      "mae_ci_low": 1.1,
      "mae_ci_high": 1.8666666666666667,
      "rmse": 1.5383974345619102,
      "exact": 0.43333333333333335,
      "within_1": 0.7,
      "rho": 0.3293066427755123,
      "p_value": 0.07557059570911753,
      "kappa": 0.293628808864266,
      "llm_mean": 2.1333333333333333,
      "expert_mean": 2.7666666666666666,
      "llm_std": 1.1469767022723503,
      "expert_std": 1.3337499349161706
    },
    "migration_planning": {
      "mae": 1.0333333333333334,
      "mae_ci_low": 1.0,
      "mae_ci_high": 1.8,
      "rmse": 1.3291601358251257,
      "exact": 0.26666666666666666,
      "within_1": 0.7666666666666667,
      "rho": 0.3783154092620705,
      "p_value": 0.03926524804534114,
      "kappa": 0.061166429587482196,
      "llm_mean": 2.8666666666666667,
      "expert_mean": 3.033333333333333,
      "llm_std": 1.2036980056845192,
      "expert_std": 1.3034143197344765
    },
    "risk_management": {
      "mae": 0.7,
      "mae_ci_low": 0.7666666666666667,
      "mae_ci_high": 1.4333333333333333,
      "rmse": 0.983192080250175,
      "exact": 0.43333333333333335,
      "within_1": 0.8666666666666667,
      "rho": 0.5749441695504574,
      "p_value": 0.0008894227288419604,
      "kappa": 0.22610015174506837,
      "llm_mean": 2.8,
      "expert_mean": 3.033333333333333,
      "llm_std": 0.8717797887081347,
      "expert_std": 1.1100550536897809
    },
    "standards_compliance": {
      "mae": 1.0,
      "mae_ci_low": 1.1,
      "mae_ci_high": 1.9666666666666666,
      "rmse": 1.4142135623730951,
      "exact": 0.36666666666666664,
      "within_1": 0.7666666666666667,
      "rho": 0.5560798914417218,
      "p_value": 0.001419149689447951,
      "kappa": 0.19718309859154926,
      "llm_mean": 2.6,
      "expert_mean": 3.533333333333333,
      "llm_std": 1.1718930554164628,
      "expert_std": 1.2310790208412925
    }
  }
}