{
  "overall_mae": 1.2933333333333334,
  "success_rate": 1.0,
  "config": {
    "model": "Qwen/Qwen2.5-32B-Instruct",
    "aggregation": "mean",
    "chunking": true,
    "chunk_size": 1200,
    "max_chunks": 3,
    "temperature": 0.6,
    "quantization": "4bit"
  },
  "dimensions": {
    "crypto_assets": {
      "mae": 1.4333333333333333,
      "mae_ci_low": 1.4991666666666674,
      "mae_ci_high": 2.466666666666667,
      "rmse": 1.7416467303484175,
      "exact": 0.16666666666666666,
      "within_1": 0.5666666666666667,
      "rho": 0.7724710752427012,
      "p_value": 5.700394560757344e-07,
      "kappa": 0.014454664914586135,
      "llm_mean": 1.3,
      "expert_mean": 2.6666666666666665,
      "llm_std": 1.268857754044952,
      "expert_std": 1.5129074290546956
    },
    "crypto_agility": {
      "mae": 1.4333333333333333,
      "mae_ci_low": 1.2333333333333334,
      "mae_ci_high": 2.1008333333333327,
      "rmse": 1.8708286933869707,
      "exact": 0.23333333333333334,
      "within_1": 0.6333333333333333,
      "rho": 0.26172526210870584,
      "p_value": 0.1623811551217178,
      "kappa": 0.06756756756756777,
      "llm_mean": 1.5333333333333334,
      "expert_mean": 2.7666666666666666,
      "llm_std": 1.0241527663824812,
      "expert_std": 1.3337499349161706
    },
    "migration_planning": {
      "mae": 1.1,
      "mae_ci_low": 1.1666666666666667,
      "mae_ci_high": 2.033333333333333,
      "rmse": 1.51657508881031,
      "exact": 0.3333333333333333,
      "within_1": 0.7,
      "rho": 0.5352401809959052,
      "p_value": 0.002305551941293531,
      "kappa": 0.17695473251028804,
      "llm_mean": 2.1333333333333333,
      "expert_mean": 3.033333333333333,
      "llm_std": 1.2310790208412925,
      "expert_std": 1.3034143197344765
    },
    "risk_management": {
      "mae": 1.1,
      "mae_ci_low": 0.9325000000000008,
      "mae_ci_high": 1.6333333333333333,
      "rmse": 1.4259499757471625,
      "exact": 0.3,
      "within_1": 0.6666666666666666,
      "rho": 0.3289503695243069,
      "p_value": 0.07590641656209027,
      "kappa": 0.08695652173913049,
      "llm_mean": 2.2,
      "expert_mean": 3.033333333333333,
      "llm_std": 0.8717797887081347,
      "expert_std": 1.1100550536897809
    },
    "standards_compliance": {
      "mae": 1.4,
      "mae_ci_low": 1.2991666666666675,
      "mae_ci_high": 2.2008333333333328,
      "rmse": 1.7511900715418263,
      "exact": 0.23333333333333334,
      "within_1": 0.5666666666666667,
      "rho": 0.4789757012393701,
      "p_value": 0.007410170410492831,
      "kappa": 0.07506702412868638,
      "llm_mean": 2.2,
      "expert_mean": 3.533333333333333,
      "llm_std": 1.1944315244779278,
      "expert_std": 1.2310790208412925
    }
  }
}