{
  "overall_mae": 1.0133333333333332,
  "success_rate": 1.0,
  "config": {
    "model": "Qwen/Qwen2.5-32B-Instruct",
    "aggregation": "max",
    "chunking": true,
    "chunk_size": 1000,
    "max_chunks": 5,
    "temperature": 0.2,
    "quantization": "4bit"
  },
  "dimensions": {
    "crypto_assets": {
      "mae": 1.0,
      "mae_ci_low": 1.4,
      "mae_ci_high": 2.3666666666666667,
      "rmse": 1.3416407864998738,
      "exact": 0.3333333333333333,
      "within_1": 0.7333333333333333,
      "rho": 0.7964974035856067,
      "p_value": 1.4036286294331105e-07,
      "kappa": 0.1989319092122831,
      "llm_mean": 1.8,
      "expert_mean": 2.6666666666666665,
      "llm_std": 1.5362291495737217,
      "expert_std": 1.5129074290546956
    },
    "crypto_agility": {
      "mae": 1.0666666666666667,
      "mae_ci_low": 1.0666666666666667,
      "mae_ci_high": 1.9333333333333333,
      "rmse": 1.4142135623730951,
      "exact": 0.3333333333333333,
      "within_1": 0.6666666666666666,
      "rho": 0.5171490903593648,
      "p_value": 0.0034290610153747425,
      "kappa": 0.17582417582417575,
      "llm_mean": 2.1666666666666665,
      "expert_mean": 2.7666666666666666,
      "llm_std": 1.2133516482134197,
      "expert_std": 1.3337499349161706
    },
    "migration_planning": {
      "mae": 1.0666666666666667,
      "mae_ci_low": 1.0,
      "mae_ci_high": 1.7674999999999992,
      "rmse": 1.3416407864998738,
      "exact": 0.26666666666666666,
      "within_1": 0.7,
      "rho": 0.3990783913792751,
      "p_value": 0.02891512505856335,
      "kappa": 0.061166429587482196,
      "llm_mean": 2.7666666666666666,
      "expert_mean": 3.033333333333333,
      "llm_std": 1.174260996920569,
      "expert_std": 1.3034143197344765
    },
    "risk_management": {
      "mae": 0.8666666666666667,
      "mae_ci_low": 0.7666666666666667,
      "mae_ci_high": 1.4,
      "rmse": 1.1254628677422756,
      "exact": 0.3333333333333333,
      "within_1": 0.8,
      "rho": 0.35220531911412645,
      "p_value": 0.05628646745109741,
      "kappa": 0.09090909090909094,
      "llm_mean": 2.7666666666666666,
      "expert_mean": 3.033333333333333,
      "llm_std": 0.8034647195462634,
      "expert_std": 1.1100550536897809
    },
    "standards_compliance": {
      "mae": 1.0666666666666667,
      "mae_ci_low": 1.1333333333333333,
      "mae_ci_high": 1.9666666666666666,
      "rmse": 1.505545305418162,
      "exact": 0.36666666666666664,
      "within_1": 0.7333333333333333,
      "rho": 0.45721320945642724,
      "p_value": 0.011079906344167957,
      "kappa": 0.2027972027972027,
      "llm_mean": 2.533333333333333,
      "expert_mean": 3.533333333333333,
      "llm_std": 1.1469767022723503,
      "expert_std": 1.2310790208412925
    }
  }
}