{
  "overall_mae": 0.9533333333333335,
  "success_rate": 1.0,
  "config": {
    "model": "Qwen/Qwen2.5-32B-Instruct",
    "aggregation": "max",
    "chunking": true,
    "chunk_size": 1200,
    "max_chunks": 3,
    "temperature": 0.2,
    "quantization": "4bit"
  },
  "dimensions": {
    "crypto_assets": {
      "mae": 0.8666666666666667,
      "mae_ci_low": 1.3666666666666667,
      "mae_ci_high": 2.3008333333333324,
      "rmse": 1.2382783747337807,
      "exact": 0.43333333333333335,
      "within_1": 0.7333333333333333,
      "rho": 0.825901306424217,
      "p_value": 1.9180346951102295e-08,
      "kappa": 0.31543624161073835,
      "llm_mean": 1.8666666666666667,
      "expert_mean": 2.6666666666666665,
      "llm_std": 1.521694961401777,
      "expert_std": 1.5129074290546956
    },
    "crypto_agility": {
      "mae": 1.0,
      "mae_ci_low": 1.0991666666666675,
      "mae_ci_high": 1.9,
      "rmse": 1.4142135623730951,
      "exact": 0.36666666666666664,
      "within_1": 0.7333333333333333,
      "rho": 0.44861697493788116,
      "p_value": 0.012899658455148136,
      "kappa": 0.21270718232044195,
      "llm_mean": 2.1666666666666665,
      "expert_mean": 2.7666666666666666,
      "llm_std": 1.1855612829185826,
      "expert_std": 1.3337499349161706
    },
    "migration_planning": {
      "mae": 0.9666666666666667,
      "mae_ci_low": 1.0,
      "mae_ci_high": 1.7333333333333334,
      "rmse": 1.224744871391589,
      "exact": 0.26666666666666666,
      "within_1": 0.8,
      "rho": 0.4967463984423534,
      "p_value": 0.005232640736446985,
      "kappa": 0.06249999999999989,
      "llm_mean": 2.8666666666666667,
      "expert_mean": 3.033333333333333,
      "llm_std": 1.1175369742826806,
      "expert_std": 1.3034143197344765
    },
    "risk_management": {
      "mae": 0.8,
      "mae_ci_low": 0.7666666666666667,
      "mae_ci_high": 1.3666666666666667,
      "rmse": 1.0954451150103321,
      "exact": 0.4,
      "within_1": 0.8,
      "rho": 0.372320142406353,
      "p_value": 0.04275116638846421,
      "kappa": 0.17682926829268297,
      "llm_mean": 2.7666666666666666,
      "expert_mean": 3.033333333333333,
      "llm_std": 0.7608474807008886,
      "expert_std": 1.1100550536897809
    },
    "standards_compliance": {
      "mae": 1.1333333333333333,
      "mae_ci_low": 1.1658333333333342,
      "mae_ci_high": 2.066666666666667,
      "rmse": 1.505545305418162,
      "exact": 0.3,
      "within_1": 0.7,
      "rho": 0.524561872036708,
      "p_value": 0.0029219383217873192,
      "kappa": 0.12983425414364635,
      "llm_mean": 2.533333333333333,
      "expert_mean": 3.533333333333333,
      "llm_std": 1.2840906856172147,
      "expert_std": 1.2310790208412925
    }
  }
}