{
  "overall_mae": 0.9800000000000001,
  "success_rate": 1.0,
  "config": {
    "model": "Qwen/Qwen2.5-32B-Instruct",
    "aggregation": "max",
    "chunking": true,
    "chunk_size": 1200,
    "max_chunks": 3,
    "temperature": 0.0,
    "quantization": "4bit"
  },
  "dimensions": {
    "crypto_assets": {
      "mae": 0.9333333333333333,
      "mae_ci_low": 1.4325000000000008,
      "mae_ci_high": 2.3666666666666667,
      "rmse": 1.2649110640673518,
      "exact": 0.36666666666666664,
      "within_1": 0.7333333333333333,
      "rho": 0.8205718760198722,
      "p_value": 2.824667450706296e-08,
      "kappa": 0.2420212765957448,
      "llm_mean": 1.8666666666666667,
      "expert_mean": 2.6666666666666665,
      "llm_std": 1.586050300449376,
      "expert_std": 1.5129074290546956
    },
    "crypto_agility": {
      "mae": 1.0333333333333334,
      "mae_ci_low": 1.0666666666666667,
      "mae_ci_high": 1.8666666666666667,
      "rmse": 1.4719601443879744,
      "exact": 0.36666666666666664,
      "within_1": 0.7333333333333333,
      "rho": 0.4054498656450912,
      "p_value": 0.026227467953194895,
      "kappa": 0.21052631578947378,
      "llm_mean": 2.2,
      "expert_mean": 2.7666666666666666,
      "llm_std": 1.1661903789690602,
      "expert_std": 1.3337499349161706
    },
    "migration_planning": {
      "mae": 1.0,
      "mae_ci_low": 1.0333333333333334,
      "mae_ci_high": 1.8,
      "rmse": 1.2909944487358056,
      "exact": 0.26666666666666666,
      "within_1": 0.8,
      "rho": 0.4759130935992981,
      "p_value": 0.007853917910980644,
      "kappa": 0.06382978723404253,
      "llm_mean": 2.7666666666666666,
      "expert_mean": 3.033333333333333,
      "llm_std": 1.2023125864580957,
      "expert_std": 1.3034143197344765
    },
    "risk_management": {
      "mae": 0.8333333333333334,
      "mae_ci_low": 0.8,
      "mae_ci_high": 1.4333333333333333,
      "rmse": 1.140175425099138,
      "exact": 0.4,
      "within_1": 0.7666666666666667,
      "rho": 0.37201318034302583,
      "p_value": 0.04293609035585044,
      "kappa": 0.17808219178082185,
      "llm_mean": 2.6666666666666665,
      "expert_mean": 3.033333333333333,
      "llm_std": 0.8299933065325821,
      "expert_std": 1.1100550536897809
    },
    "standards_compliance": {
      "mae": 1.1,
      "mae_ci_low": 1.1666666666666667,
      "mae_ci_high": 2.033333333333333,
      "rmse": 1.4944341180973264,
      "exact": 0.3333333333333333,
      "within_1": 0.7,
      "rho": 0.526722538786516,
      "p_value": 0.0027868809174087907,
      "kappa": 0.17582417582417575,
      "llm_mean": 2.566666666666667,
      "expert_mean": 3.533333333333333,
      "llm_std": 1.3085190950927013,
      "expert_std": 1.2310790208412925
    }
  }
}