{
  "overall_mae": 1.3066666666666666,
  "success_rate": 1.0,
  "config": {
    "model": "Qwen/Qwen2.5-32B-Instruct",
    "aggregation": "mean",
    "chunking": true,
    "chunk_size": 1200,
    "max_chunks": 3,
    "temperature": 0.0,
    "quantization": "4bit"
  },
  "dimensions": {
    "crypto_assets": {
      "mae": 1.4666666666666666,
      "mae_ci_low": 1.5,
      "mae_ci_high": 2.466666666666667,
      "rmse": 1.7511900715418263,
      "exact": 0.16666666666666666,
      "within_1": 0.5333333333333333,
      "rho": 0.7609946405985009,
      "p_value": 1.050597744081649e-06,
      "kappa": 0.02216427640156471,
      "llm_mean": 1.3333333333333333,
      "expert_mean": 2.6666666666666665,
      "llm_std": 1.3249737942901196,
      "expert_std": 1.5129074290546956
    },
    "crypto_agility": {
      "mae": 1.4,
      "mae_ci_low": 1.1991666666666674,
      "mae_ci_high": 2.066666666666667,
      "rmse": 1.8439088914585775,
      "exact": 0.3,
      "within_1": 0.5666666666666667,
      "rho": 0.1934830248113523,
      "p_value": 0.30562696053350286,
      "kappa": 0.14168937329700282,
      "llm_mean": 1.7,
      "expert_mean": 2.7666666666666666,
      "llm_std": 1.0692676621563628,
      "expert_std": 1.3337499349161706
    },
    "migration_planning": {
      "mae": 1.1666666666666667,
      "mae_ci_low": 1.1,
      "mae_ci_high": 1.9333333333333333,
      "rmse": 1.449137674618944,
      "exact": 0.23333333333333334,
      "within_1": 0.6666666666666666,
      "rho": 0.4519505639002751,
      "p_value": 0.012166364855109836,
      "kappa": 0.045643153526971014,
      "llm_mean": 2.2666666666666666,
      "expert_mean": 3.033333333333333,
      "llm_std": 1.18133634311129,
      "expert_std": 1.3034143197344765
    },
    "risk_management": {
      "mae": 1.0666666666666667,
      "mae_ci_low": 0.8666666666666667,
      "mae_ci_high": 1.5666666666666667,
      "rmse": 1.3416407864998738,
      "exact": 0.26666666666666666,
      "within_1": 0.7,
      "rho": 0.40836784078306365,
      "p_value": 0.025066612437181682,
      "kappa": 0.016393442622950838,
      "llm_mean": 2.2333333333333334,
      "expert_mean": 3.033333333333333,
      "llm_std": 0.8034647195462634,
      "expert_std": 1.1100550536897809
    },
    "standards_compliance": {
      "mae": 1.4333333333333333,
      "mae_ci_low": 1.3333333333333333,
      "mae_ci_high": 2.267499999999999,
      "rmse": 1.760681686165901,
      "exact": 0.23333333333333334,
      "within_1": 0.5,
      "rho": 0.5484378239920047,
      "p_value": 0.0017017123607532727,
      "kappa": 0.09210526315789469,
      "llm_mean": 2.1666666666666665,
      "expert_mean": 3.533333333333333,
      "llm_std": 1.2405196043952265,
      "expert_std": 1.2310790208412925
    }
  }
}