{
  "overall_mae": 1.0133333333333332,
  "success_rate": 1.0,
  "config": {
    "model": "Qwen/Qwen2.5-32B-Instruct",
    "aggregation": "max",
    "chunking": true,
    "chunk_size": 1200,
    "max_chunks": 3,
    "temperature": 0.7,
    "quantization": "4bit"
  },
  "dimensions": {
    "crypto_assets": {
      "mae": 0.9333333333333333,
      "mae_ci_low": 1.3666666666666667,
      "mae_ci_high": 2.3333333333333335,
      "rmse": 1.2909944487358056,
      "exact": 0.36666666666666664,
      "within_1": 0.7666666666666667,
      "rho": 0.758809624508461,
      "p_value": 1.1758151171451037e-06,
      "kappa": 0.2328398384925976,
      "llm_mean": 2.0,
      "expert_mean": 2.6666666666666665,
      "llm_std": 1.570562531918633,
      "expert_std": 1.5129074290546956
    },
    "crypto_agility": {
      "mae": 1.1666666666666667,
      "mae_ci_low": 1.1333333333333333,
      "mae_ci_high": 2.0,
      "rmse": 1.622754859285078,
      "exact": 0.3,
      "within_1": 0.7333333333333333,
      "rho": 0.40288765217490197,
      "p_value": 0.027282643430345088,
      "kappa": 0.1393442622950819,
      "llm_mean": 2.1333333333333333,
      "expert_mean": 2.7666666666666666,
      "llm_std": 1.3097921802925667,
      "expert_std": 1.3337499349161706
    },
    "migration_planning": {
      "mae": 1.1,
      "mae_ci_low": 1.0333333333333334,
      "mae_ci_high": 1.8333333333333333,
      "rmse": 1.4023789311975086,
      "exact": 0.23333333333333334,
      "within_1": 0.7333333333333333,
      "rho": 0.4163376927129096,
      "p_value": 0.022108518362034365,
      "kappa": 0.022662889518413665,
      "llm_mean": 2.8,
      "expert_mean": 3.033333333333333,
      "llm_std": 1.2489995996796794,
      "expert_std": 1.3034143197344765
    },
    "risk_management": {
      "mae": 0.7666666666666667,
      "mae_ci_low": 0.7666666666666667,
      "mae_ci_high": 1.4,
      "rmse": 1.1105554165971787,
      "exact": 0.4666666666666667,
      "within_1": 0.7666666666666667,
      "rho": 0.4225368406560981,
      "p_value": 0.020011441301168373,
      "kappa": 0.2727272727272728,
      "llm_mean": 2.7333333333333334,
      "expert_mean": 3.033333333333333,
      "llm_std": 0.7717224601860151,
      "expert_std": 1.1100550536897809
    },
    "standards_compliance": {
      "mae": 1.1,
      "mae_ci_low": 1.1666666666666667,
      "mae_ci_high": 2.066666666666667,
      "rmse": 1.4719601443879744,
      "exact": 0.3333333333333333,
      "within_1": 0.6666666666666666,
      "rho": 0.5476074275673083,
      "p_value": 0.0017351745259426663,
      "kappa": 0.1701244813278009,
      "llm_mean": 2.6333333333333333,
      "expert_mean": 3.533333333333333,
      "llm_std": 1.4019827229875395,
      "expert_std": 1.2310790208412925
    }
  }
}