{
  "overall_mae": 1.1400000000000001,
  "success_rate": 1.0,
  "config": {
    "model": "Qwen/Qwen2.5-32B-Instruct",
    "aggregation": "max",
    "chunking": true,
    "chunk_size": 3000,
    "max_chunks": 1,
    "temperature": 0.2,
    "quantization": "4bit"
  },
  "dimensions": {
    "crypto_assets": {
      "mae": 1.1333333333333333,
      "mae_ci_low": 1.4,
      "mae_ci_high": 2.3333333333333335,
      "rmse": 1.5491933384829668,
      "exact": 0.3333333333333333,
      "within_1": 0.7,
      "rho": 0.7303889533459919,
      "p_value": 4.606506176189042e-06,
      "kappa": 0.19999999999999996,
      "llm_mean": 1.6,
      "expert_mean": 2.6666666666666665,
      "llm_std": 1.3564659966250536,
      "expert_std": 1.5129074290546956
    },
    "crypto_agility": {
      "mae": 1.1666666666666667,
      "mae_ci_low": 1.1333333333333333,
      "mae_ci_high": 1.9666666666666666,
      "rmse": 1.5811388300841898,
      "exact": 0.3333333333333333,
      "within_1": 0.6333333333333333,
      "rho": 0.39119099891025694,
      "p_value": 0.03254814351303193,
      "kappa": 0.17582417582417575,
      "llm_mean": 2.0,
      "expert_mean": 2.7666666666666666,
      "llm_std": 1.1547005383792515,
      "expert_std": 1.3337499349161706
    },
    "migration_planning": {
      "mae": 1.2333333333333334,
      "mae_ci_low": 1.1333333333333333,
      "mae_ci_high": 1.9666666666666666,
      "rmse": 1.6020819787597222,
      "exact": 0.2,
      "within_1": 0.7333333333333333,
      "rho": 0.3654117368621384,
      "p_value": 0.04706998833539627,
      "kappa": -0.009817671809256634,
      "llm_mean": 2.4,
      "expert_mean": 3.033333333333333,
      "llm_std": 1.3063945294843615,
      "expert_std": 1.3034143197344765
    },
    "risk_management": {
      "mae": 1.0,
      "mae_ci_low": 0.8333333333333334,
      "mae_ci_high": 1.5666666666666667,
      "rmse": 1.3416407864998738,
      "exact": 0.36666666666666664,
      "within_1": 0.6666666666666666,
      "rho": 0.24533600664607805,
      "p_value": 0.19130122119193588,
      "kappa": 0.15680473372781056,
      "llm_mean": 2.433333333333333,
      "expert_mean": 3.033333333333333,
      "llm_std": 0.9195409482755816,
      "expert_std": 1.1100550536897809
    },
    "standards_compliance": {
      "mae": 1.1666666666666667,
      "mae_ci_low": 1.2333333333333334,
      "mae_ci_high": 2.1333333333333333,
      "rmse": 1.5383974345619102,
      "exact": 0.3,
      "within_1": 0.6666666666666666,
      "rho": 0.5969813032783203,
      "p_value": 0.000496666571812243,
      "kappa": 0.16111850865512645,
      "llm_mean": 2.433333333333333,
      "expert_mean": 3.533333333333333,
      "llm_std": 1.2827920936595902,
      "expert_std": 1.2310790208412925
    }
  }
}