{
  "overall_mae": 1.3866666666666667,
  "success_rate": 1.0,
  "config": {
    "model": "Qwen/Qwen2.5-32B-Instruct",
    "aggregation": "mean",
    "chunking": true,
    "chunk_size": 1200,
    "max_chunks": 3,
    "temperature": 0.4,
    "quantization": "4bit"
  },
  "dimensions": {
    "crypto_assets": {
      "mae": 1.5,
      "mae_ci_low": 1.5,
      "mae_ci_high": 2.5,
      "rmse": 1.816590212458495,
      "exact": 0.16666666666666666,
      "within_1": 0.5333333333333333,
      "rho": 0.7335897519242396,
      "p_value": 3.983858611698078e-06,
      "kappa": 0.024707412223667236,
      "llm_mean": 1.3,
      "expert_mean": 2.6666666666666665,
      "llm_std": 1.3203534880225574,
      "expert_std": 1.5129074290546956
    },
    "crypto_agility": {
      "mae": 1.5,
      "mae_ci_low": 1.2333333333333334,
      "mae_ci_high": 2.134166666666666,
      "rmse": 1.9748417658131499,
      "exact": 0.26666666666666666,
      "within_1": 0.5666666666666667,
      "rho": 0.1316353907088279,
      "p_value": 0.48806671416447167,
      "kappa": 0.11290322580645151,
      "llm_mean": 1.6666666666666667,
      "expert_mean": 2.7666666666666666,
      "llm_std": 1.1925695879998879,
      "expert_std": 1.3337499349161706
    },
    "migration_planning": {
      "mae": 1.3,
      "mae_ci_low": 1.1666666666666667,
      "mae_ci_high": 2.0,
      "rmse": 1.5811388300841898,
      "exact": 0.2,
      "within_1": 0.6,
      "rho": 0.39938205573795577,
      "p_value": 0.028782140697771443,
      "kappa": 0.0055248618784530246,
      "llm_mean": 2.1333333333333333,
      "expert_mean": 3.033333333333333,
      "llm_std": 1.2036980056845192,
      "expert_std": 1.3034143197344765
    },
    "risk_management": {
      "mae": 1.1333333333333333,
      "mae_ci_low": 0.9333333333333333,
      "mae_ci_high": 1.6333333333333333,
      "rmse": 1.4142135623730951,
      "exact": 0.26666666666666666,
      "within_1": 0.6333333333333333,
      "rho": 0.34585698887646227,
      "p_value": 0.061194647215192736,
      "kappa": 0.03790087463556857,
      "llm_mean": 2.2333333333333334,
      "expert_mean": 3.033333333333333,
      "llm_std": 0.9195409482755815,
      "expert_std": 1.1100550536897809
    },
    "standards_compliance": {
      "mae": 1.5,
      "mae_ci_low": 1.4,
      "mae_ci_high": 2.334166666666666,
      "rmse": 1.888562063228706,
      "exact": 0.23333333333333334,
      "within_1": 0.5,
      "rho": 0.5077447839356579,
      "p_value": 0.004179855685890876,
      "kappa": 0.08366533864541836,
      "llm_mean": 2.1,
      "expert_mean": 3.533333333333333,
      "llm_std": 1.3253930234714029,
      "expert_std": 1.2310790208412925
    }
  }
}