{
  "overall_mae": 0.9800000000000001,
  "success_rate": 1.0,
  "config": {
    "model": "Qwen/Qwen2.5-32B-Instruct",
    "aggregation": "max",
    "chunking": true,
    "chunk_size": 1200,
    "max_chunks": 3,
    "temperature": 0.4,
    "quantization": "4bit"
  },
  "dimensions": {
    "crypto_assets": {
      "mae": 0.8333333333333334,
      "mae_ci_low": 1.3666666666666667,
      "mae_ci_high": 2.267499999999999,
      "rmse": 1.1972189997378648,
      "exact": 0.43333333333333335,
      "within_1": 0.7666666666666667,
      "rho": 0.8377761401285038,
      "p_value": 7.710808000110568e-09,
      "kappa": 0.3145161290322581,
      "llm_mean": 1.9,
      "expert_mean": 2.6666666666666665,
      "llm_std": 1.491084616423003,
      "expert_std": 1.5129074290546956
    },
    "crypto_agility": {
      "mae": 1.0,
      "mae_ci_low": 1.0666666666666667,
      "mae_ci_high": 1.8666666666666667,
      "rmse": 1.4375905768565218,
      "exact": 0.36666666666666664,
      "within_1": 0.7666666666666667,
      "rho": 0.45104505984806614,
      "p_value": 0.012362009025097095,
      "kappa": 0.21052631578947378,
      "llm_mean": 2.2333333333333334,
      "expert_mean": 2.7666666666666666,
      "llm_std": 1.1742609969205693,
      "expert_std": 1.3337499349161706
    },
    "migration_planning": {
      "mae": 1.0333333333333334,
      "mae_ci_low": 1.0325000000000009,
      "mae_ci_high": 1.8,
      "rmse": 1.3291601358251257,
      "exact": 0.26666666666666666,
      "within_1": 0.7666666666666667,
      "rho": 0.4227836897472565,
      "p_value": 0.01993145816958279,
      "kappa": 0.061166429587482196,
      "llm_mean": 2.7333333333333334,
      "expert_mean": 3.033333333333333,
      "llm_std": 1.1813363431112898,
      "expert_std": 1.3034143197344765
    },
    "risk_management": {
      "mae": 0.7666666666666667,
      "mae_ci_low": 0.7666666666666667,
      "mae_ci_high": 1.4,
      "rmse": 1.0801234497346435,
      "exact": 0.43333333333333335,
      "within_1": 0.8,
      "rho": 0.44663069151673207,
      "p_value": 0.013353886203876321,
      "kappa": 0.22610015174506826,
      "llm_mean": 2.7333333333333334,
      "expert_mean": 3.033333333333333,
      "llm_std": 0.8137703743822469,
      "expert_std": 1.1100550536897809
    },
    "standards_compliance": {
      "mae": 1.2666666666666666,
      "mae_ci_low": 1.2,
      "mae_ci_high": 2.1666666666666665,
      "rmse": 1.6931233465600393,
      "exact": 0.26666666666666666,
      "within_1": 0.7,
      "rho": 0.4520514582381151,
      "p_value": 0.012144726916506803,
      "kappa": 0.09589041095890416,
      "llm_mean": 2.4,
      "expert_mean": 3.533333333333333,
      "llm_std": 1.3316656236958786,
      "expert_std": 1.2310790208412925
    }
  }
}