{
  "overall_mae": 1.1933333333333334,
  "success_rate": 1.0,
  "config": {
    "model": "Qwen/Qwen2.5-32B-Instruct",
    "aggregation": "max",
    "chunking": true,
    "chunk_size": 1200,
    "max_chunks": 2,
    "temperature": 0.2,
    "quantization": "4bit"
  },
  "dimensions": {
    "crypto_assets": {
      "mae": 1.3,
      "mae_ci_low": 1.4991666666666674,
      "mae_ci_high": 2.466666666666667,
      "rmse": 1.7224014243685084,
      "exact": 0.3,
      "within_1": 0.6,
      "rho": 0.6806299649997735,
      "p_value": 3.489974246546282e-05,
      "kappa": 0.15775401069518713,
      "llm_mean": 1.4333333333333333,
      "expert_mean": 2.6666666666666665,
      "llm_std": 1.4067298564006128,
      "expert_std": 1.5129074290546956
    },
    "crypto_agility": {
      "mae": 1.2666666666666666,
      "mae_ci_low": 1.1333333333333333,
      "mae_ci_high": 2.0,
      "rmse": 1.7320508075688772,
      "exact": 0.3333333333333333,
      "within_1": 0.6333333333333333,
      "rho": 0.2354882397145023,
      "p_value": 0.21030654374554417,
      "kappa": 0.1825613079019074,
      "llm_mean": 1.9666666666666666,
      "expert_mean": 2.7666666666666666,
      "llm_std": 1.2242911781471302,
      "expert_std": 1.3337499349161706
    },
    "migration_planning": {
      "mae": 1.1,
      "mae_ci_low": 1.0,
      "mae_ci_high": 1.8008333333333326,
      "rmse": 1.378404875209022,
      "exact": 0.23333333333333334,
      "within_1": 0.7333333333333333,
      "rho": 0.3712813756758649,
      "p_value": 0.04337953109103234,
      "kappa": 0.015691868758915817,
      "llm_mean": 2.6666666666666665,
      "expert_mean": 3.033333333333333,
      "llm_std": 1.1642832797715321,
      "expert_std": 1.3034143197344765
    },
    "risk_management": {
      "mae": 1.0666666666666667,
      "mae_ci_low": 0.7666666666666667,
      "mae_ci_high": 1.4333333333333333,
      "rmse": 1.3165611772087666,
      "exact": 0.26666666666666666,
      "within_1": 0.6666666666666666,
      "rho": 0.08019997062421606,
      "p_value": 0.6735450187968169,
      "kappa": -0.0060975609756097615,
      "llm_mean": 2.566666666666667,
      "expert_mean": 3.033333333333333,
      "llm_std": 0.7608474807008885,
      "expert_std": 1.1100550536897809
    },
    "standards_compliance": {
      "mae": 1.2333333333333334,
      "mae_ci_low": 1.2333333333333334,
      "mae_ci_high": 2.167499999999999,
      "rmse": 1.5811388300841898,
      "exact": 0.26666666666666666,
      "within_1": 0.6333333333333333,
      "rho": 0.5722656661197435,
      "p_value": 0.0009520540013156386,
      "kappa": 0.09090909090909105,
      "llm_mean": 2.3666666666666667,
      "expert_mean": 3.533333333333333,
      "llm_std": 1.303414319734477,
      "expert_std": 1.2310790208412925
    }
  }
}