{
  "overall_mae": 1.0,
  "success_rate": 1.0,
  "config": {
    "model": "Qwen/Qwen2.5-32B-Instruct",
    "aggregation": "max",
    "chunking": true,
    "chunk_size": 1200,
    "max_chunks": 3,
    "temperature": 0.2,
    "quantization": "4bit"
  },
  "dimensions": {
    "crypto_assets": {
      "mae": 0.9333333333333333,
      "mae_ci_low": 1.4325000000000008,
      "mae_ci_high": 2.4,
      "rmse": 1.2649110640673518,
      "exact": 0.36666666666666664,
      "within_1": 0.7333333333333333,
      "rho": 0.8255191601276164,
      "p_value": 1.972866357570073e-08,
      "kappa": 0.24101198402130486,
      "llm_mean": 1.8666666666666667,
      "expert_mean": 2.6666666666666665,
      "llm_std": 1.6069294390925266,
      "expert_std": 1.5129074290546956
    },
    "crypto_agility": {
      "mae": 1.1,
      "mae_ci_low": 1.1333333333333333,
      "mae_ci_high": 2.0,
      "rmse": 1.6020819787597222,
      "exact": 0.36666666666666664,
      "within_1": 0.7333333333333333,
      "rho": 0.3905668559318121,
      "p_value": 0.032850720191097776,
      "kappa": 0.22343324250681207,
      "llm_mean": 2.066666666666667,
      "expert_mean": 2.7666666666666666,
      "llm_std": 1.2892719737209144,
      "expert_std": 1.3337499349161706
    },
    "migration_planning": {
      "mae": 1.0333333333333334,
      "mae_ci_low": 1.1,
      "mae_ci_high": 1.9,
      "rmse": 1.3291601358251257,
      "exact": 0.26666666666666666,
      "within_1": 0.7666666666666667,
      "rho": 0.5244956946785484,
      "p_value": 0.0029261623800170737,
      "kappa": 0.07821229050279332,
      "llm_mean": 2.7333333333333334,
      "expert_mean": 3.033333333333333,
      "llm_std": 1.339983416149452,
      "expert_std": 1.3034143197344765
    },
    "risk_management": {
      "mae": 0.7666666666666667,
      "mae_ci_low": 0.7991666666666675,
      "mae_ci_high": 1.4,
      "rmse": 1.0801234497346435,
      "exact": 0.43333333333333335,
      "within_1": 0.8,
      "rho": 0.44663069151673207,
      "p_value": 0.013353886203876321,
      "kappa": 0.22610015174506826,
      "llm_mean": 2.7333333333333334,
      "expert_mean": 3.033333333333333,
      "llm_std": 0.8137703743822469,
      "expert_std": 1.1100550536897809
    },
    "standards_compliance": {
      "mae": 1.1666666666666667,
      "mae_ci_low": 1.2,
      "mae_ci_high": 2.1,
      "rmse": 1.559914527573012,
      "exact": 0.3333333333333333,
      "within_1": 0.6333333333333333,
      "rho": 0.5053656175484392,
      "p_value": 0.004390718649106386,
      "kappa": 0.1957104557640751,
      "llm_mean": 2.5,
      "expert_mean": 3.533333333333333,
      "llm_std": 1.3102162671355697,
      "expert_std": 1.2310790208412925
    }
  }
}