,risk,std,mig,asset,agil
Academic (18),2.8333333333333335,3.388888888888889,2.6666666666666665,2.7222222222222223,2.5555555555555554
Government (5),3.4,5.0,4.4,2.6,3.2
Industry (1),3.0,3.0,4.0,4.0,4.0
Intl Org (4),3.5,2.25,3.0,2.25,2.75
Standards (2),3.0,4.0,2.5,2.5,3.0
