Dimension,MAE,Exact,Spearman
migration_planning,0.987857142857143,36%,0.39229932670798173
crypto_assets,1.002857142857143,18%,0.629468923879037
standards_compliance,1.0210714285714284,25%,0.5950402300820544
risk_management,1.1017857142857141,18%,0.5617087257494274
crypto_agility,1.115357142857143,21%,0.6797149791134889
