Dimension,Mean,Std,Coverage
standards_compliance,3.533333333333333,1.2521246311585854,93%
risk_management,3.033333333333333,1.1290317283753193,93%
migration_planning,3.033333333333333,1.3256965204630415,90%
crypto_agility,2.7666666666666666,1.3565507307349296,80%
crypto_assets,2.6666666666666665,1.5387709679981691,77%
